id,title,text
Federated_learning_chunk_0,Federated learning,"Federated learning (also known as collaborative learning) is a machine learning technique in a setting where multiple entities (often called clients) collaboratively train a model while keeping their data decentralized, rather than centrally stored. A defining characteristic of federated learning is data heterogeneity. Because client data is decentralized, data samples held by each client may not be independently and identically distributed. Federated learning is generally concerned with and motivated by issues such as data privacy, data minimization, and data access rights. Its applications involve a variety of research areas including defence, telecommunications, the Internet of things, and pharmaceuticals. Definition Federated learning aims at training a machine learning algorithm, for instance deep neural networks, on multiple local datasets contained in local nodes without explicitly exchanging data samples. The general principle consists in training local models on local data samples and exchanging parameters (e.g. the weights and biases of a deep neural network) between these local nodes at some frequency to generate a global model shared by all nodes. The main difference between federated learning and distributed learning lies in the assumptions made on the properties of the local datasets, as distributed learning originally aims at parallelizing computing power where federated learning originally aims at training on heterogeneous datasets. While distributed learning also aims at training a single model on multiple servers, a common underlying assumption is that the local datasets are independent and identically distributed (i.i.d.) and roughly have the same size. None of these hypotheses are made for federated learning; instead, the datasets are typically heterogeneous and their sizes may span several orders of magnitude. Moreover, the clients involved in federated learning may be unreliable as they are subject to more failures or drop out since they commonly rely on less powerful communication media (i.e. Wi-Fi) and battery-powered systems (i.e."
Federated_learning_chunk_1,Federated learning,"instead, the datasets are typically heterogeneous and their sizes may span several orders of magnitude. Moreover, the clients involved in federated learning may be unreliable as they are subject to more failures or drop out since they commonly rely on less powerful communication media (i.e. Wi-Fi) and battery-powered systems (i.e. smartphones and IoT devices) compared to distributed learning where nodes are typically datacenters that have powerful computational capabilities and are connected to one another with fast networks. Mathematical formulation The objective function for federated learning is as follows: f ( x 1 , … , x K ) = 1 K ∑ i = 1 K f i ( x i ) {\displaystyle f(\mathbf {x} _{1},\dots ,\mathbf {x} _{K})={\dfrac {1}{K}}\sum _{i=1}^{K}f_{i}(\mathbf {x} _{i})} where K {\displaystyle K} is the number of nodes, x i {\displaystyle \mathbf {x} _{i}} are the weights of model as viewed by node i {\displaystyle i} , and f i {\displaystyle f_{i}} is node i {\displaystyle i} 's local objective function, which describes how model weights x i {\displaystyle \mathbf {x} _{i}} conforms to node i {\displaystyle i} 's local dataset. The goal of federated learning is to train a common model on all of the nodes' local datasets, in other words: Optimizing the objective function f ( x 1 , … , x K ) {\displaystyle f(\mathbf {x} _{1},\dots ,\mathbf {x} _{K})} . Achieving consensus on x i {\displaystyle \mathbf {x} _{i}} . In other words, x 1 , … , x K {\displaystyle \mathbf {x} _{1},\dots ,\mathbf {x} _{K}} converge to some common x {\displaystyle \mathbf {x} } at the end of the training process. Centralized federated learning In the centralized federated learning setting, a central server is used to orchestrate the different steps of the algorithms and coordinate all the participating nodes during"
Federated_learning_chunk_2,Federated learning,"{x} _{1},\dots ,\mathbf {x} _{K}} converge to some common x {\displaystyle \mathbf {x} } at the end of the training process. Centralized federated learning In the centralized federated learning setting, a central server is used to orchestrate the different steps of the algorithms and coordinate all the participating nodes during the learning process. The server is responsible for the nodes selection at the beginning of the training process and for the aggregation of the received model updates. Since all the selected nodes have to send updates to a single entity, the server may become a bottleneck of the system. Decentralized federated learning In the decentralized federated learning setting, the nodes are able to coordinate themselves to obtain the global model. This setup prevents single point failures as the model updates are exchanged only between interconnected nodes without the orchestration of the central server. Nevertheless, the specific network topology may affect the performances of the learning process. See blockchain-based federated learning and the references therein. Heterogeneous federated learning An increasing number of application domains involve a large set of heterogeneous clients, e.g., mobile phones and IoT devices. Most of the existing federated learning strategies assume that local models share the same global model architecture. Recently, a new federated learning framework named HeteroFL was developed to address heterogeneous clients equipped with very different computation and communication capabilities. The HeteroFL technique can enable the training of heterogeneous local models with dynamically varying computation and non-IID data complexities while still producing a single accurate global inference model. Main features Iterative learning The iterative process of federated learning is composed of a series of fundamental client-server interactions, each of which is known as a federated learning round. Each round of this process consists in transmitting the current global model state to participating nodes, training local"
Federated_learning_chunk_3,Federated learning,"global inference model. Main features Iterative learning The iterative process of federated learning is composed of a series of fundamental client-server interactions, each of which is known as a federated learning round. Each round of this process consists in transmitting the current global model state to participating nodes, training local models on these local nodes to produce a set of potential model updates at each node, and then aggregating and processing these local updates into a single global update and applying it to the global model. In the methodology below, a central server is used for aggregation, while local nodes perform local training depending on the central server's orders. However, other strategies lead to the same results without central servers, in a peer-to-peer approach, using gossip or consensus methodologies. Assuming a federated round composed by one iteration of the learning process, the learning procedure can be summarized as follows: Initialization: according to the server inputs, a machine learning model (e.g., linear regression, neural network, boosting) is chosen to be trained on local nodes and initialized. Then, nodes are activated and wait for the central server to give the calculation tasks. Client selection: a fraction of local nodes are selected to start training on local data. The selected nodes acquire the current statistical model while the others wait for the next federated round. Configuration: the central server orders selected nodes to undergo training of the model on their local data in a pre-specified fashion (e.g., for some mini-batch updates of gradient descent). Reporting: each selected node sends its local model to the server for aggregation. The central server aggregates the received models and sends back the model updates to the nodes. It also handles failures for disconnected nodes or lost model updates. The next federated round is started returning to the"
Federated_learning_chunk_4,Federated learning,"descent). Reporting: each selected node sends its local model to the server for aggregation. The central server aggregates the received models and sends back the model updates to the nodes. It also handles failures for disconnected nodes or lost model updates. The next federated round is started returning to the client selection phase. Termination: once a pre-defined termination criterion is met (e.g., a maximum number of iterations is reached or the model accuracy is greater than a threshold) the central server aggregates the updates and finalizes the global model. The procedure considered before assumes synchronized model updates. Recent federated learning developments introduced novel techniques to tackle asynchronicity during the training process, or training with dynamically varying models. Compared to synchronous approaches where local models are exchanged once the computations have been performed for all layers of the neural network, asynchronous ones leverage the properties of neural networks to exchange model updates as soon as the computations of a certain layer are available. These techniques are also commonly referred to as split learning and they can be applied both at training and inference time regardless of centralized or decentralized federated learning settings. Non-IID data In most cases, the assumption of independent and identically distributed samples across local nodes does not hold for federated learning setups. Under this setting, the performances of the training process may vary significantly according to the unbalanced local data samples as well as the particular probability distribution of the training examples (i.e., features and labels) stored at the local nodes. To further investigate the effects of non-IID data, the following description considers the main categories presented in the preprint by Peter Kairouz et al. from 2019. The description of non-IID data relies on the analysis of the joint probability between features and labels for each node. This"
Federated_learning_chunk_5,Federated learning,"the local nodes. To further investigate the effects of non-IID data, the following description considers the main categories presented in the preprint by Peter Kairouz et al. from 2019. The description of non-IID data relies on the analysis of the joint probability between features and labels for each node. This allows decoupling of each contribution according to the specific distribution available at the local nodes. The main categories for non-iid data can be summarized as follows: Covariate shift: local nodes may store examples that have different statistical distributions compared to other nodes. An example occurs in natural language processing datasets where people typically write the same digits/letters with different stroke widths or slants. Prior probability shift: local nodes may store labels that have different statistical distributions compared to other nodes. This can happen if datasets are regional and/or demographically partitioned. For example, datasets containing images of animals vary significantly from country to country. Concept drift (same label, different features): local nodes may share the same labels but some of them correspond to different features at different local nodes. For example, images that depict a particular object can vary according to the weather condition in which they were captured. Concept shift (same features, different labels): local nodes may share the same features but some of them correspond to different labels at different local nodes. For example, in natural language processing, the sentiment analysis may yield different sentiments even if the same text is observed. Unbalanced: the amount of data available at the local nodes may vary significantly in size. The loss in accuracy due to non-iid data can be bounded through using more sophisticated means of doing data normalization, rather than batch normalization. Algorithmic hyper-parameters Network topology The way the statistical local outputs are pooled and the way the nodes communicate"
Federated_learning_chunk_6,Federated learning,"the local nodes may vary significantly in size. The loss in accuracy due to non-iid data can be bounded through using more sophisticated means of doing data normalization, rather than batch normalization. Algorithmic hyper-parameters Network topology The way the statistical local outputs are pooled and the way the nodes communicate with each other can change from the centralized model explained in the previous section. This leads to a variety of federated learning approaches: for instance no central orchestrating server, or stochastic communication. In particular, orchestrator-less distributed networks are one important variation. In this case, there is no central server dispatching queries to local nodes and aggregating local models. Each local node sends its outputs to several randomly-selected others, which aggregate their results locally. This restrains the number of transactions, thereby sometimes reducing training time and computing cost. Federated learning parameters Once the topology of the node network is chosen, one can control different parameters of the federated learning process (in addition to the machine learning model's own hyperparameters) to optimize learning: Number of federated learning rounds: T {\displaystyle T} Total number of nodes used in the process: K {\displaystyle K} Fraction of nodes used at each iteration for each node: C {\displaystyle C} Local batch size used at each learning iteration: B {\displaystyle B} Other model-dependent parameters can also be tinkered with, such as: Number of iterations for local training before pooling: N {\displaystyle N} Local learning rate: η {\displaystyle \eta } Those parameters have to be optimized depending on the constraints of the machine learning application (e.g., available computing power, available memory, bandwidth). For instance, stochastically choosing a limited fraction C {\displaystyle C} of nodes for each iteration diminishes computing cost and may prevent overfitting, in the same way that stochastic gradient descent can reduce overfitting. Technical limitations Federated"
Federated_learning_chunk_7,Federated learning,"the constraints of the machine learning application (e.g., available computing power, available memory, bandwidth). For instance, stochastically choosing a limited fraction C {\displaystyle C} of nodes for each iteration diminishes computing cost and may prevent overfitting, in the same way that stochastic gradient descent can reduce overfitting. Technical limitations Federated learning requires frequent communication between nodes during the learning process. Thus, it requires not only enough local computing power and memory, but also high bandwidth connections to be able to exchange parameters of the machine learning model. However, the technology also avoids data communication, which can require significant resources before starting centralized machine learning. Nevertheless, the devices typically employed in federated learning are communication-constrained, for example IoT devices or smartphones are generally connected to Wi-Fi networks, thus, even if the models are commonly less expensive to be transmitted compared to raw data, federated learning mechanisms may not be suitable in their general form. Federated learning raises several statistical challenges: Heterogeneity between the different local datasets: each node may have some bias with respect to the general population, and the size of the datasets may vary significantly; Temporal heterogeneity: each local dataset's distribution may vary with time; Interoperability of each node's dataset is a prerequisite; Each node's dataset may require regular curations; Hiding training data might allow attackers to inject backdoors into the global model; Lack of access to global training data makes it harder to identify unwanted biases entering the training e.g. age, gender, sexual orientation; Partial or total loss of model updates due to node failures affecting the global model; Lack of annotations or labels on the client side. Heterogeneity between processing platforms Variations A number of different algorithms for federated optimization have been proposed. Federated stochastic gradient descent (FedSGD) Stochastic gradient descent is an approach used in deep"
Federated_learning_chunk_8,Federated learning,"of model updates due to node failures affecting the global model; Lack of annotations or labels on the client side. Heterogeneity between processing platforms Variations A number of different algorithms for federated optimization have been proposed. Federated stochastic gradient descent (FedSGD) Stochastic gradient descent is an approach used in deep learning, where gradients are computed on a random subset of the total dataset and then used to make one step of the gradient descent.. Federated stochastic gradient descent is the analog of this algorithm to the federated setting, but uses a random subset of the nodes, each node using all its data. The server averages the gradients in proportion to the number of training data on each node, and uses the average to make a gradient descent step. Federated averaging (FedAvg) Federated averaging (FedAvg) is a generalization of FedSGD which allows nodes to do more than one batch update on local data and exchange updated weights rather than gradients. This reduces communication and is equivalent to averaging the weights if all nodes start with the same weights. It does not seem to hurt the resulting averaged model's performance compared to FedSGD. FedAvg variations have been proposed based on adaptive optimizers such as ADAM and AdaGrad, and tend to outperform FedAvg. Federated Proximal (FedProx) Federated Proximal (FedProx) extends FedAvg by adding a proximal term to the local objective in the form of μ 2 ‖ w − w t ‖ 2 {\displaystyle {\frac {\mu }{2}}\|w-w^{t}\|^{2}} , where μ {\displaystyle \mu } is the FedProx hyper parameter, in order to address data heterogeneity across clients. The proximal term constrains local updates, helping reduce client drift when client data are non-IID. Federated learning with dynamic regularization (FedDyn) Federated learning methods suffer when node datasets are distributed heterogeneously, because then minimizing the node losses"
Federated_learning_chunk_9,Federated learning,"is the FedProx hyper parameter, in order to address data heterogeneity across clients. The proximal term constrains local updates, helping reduce client drift when client data are non-IID. Federated learning with dynamic regularization (FedDyn) Federated learning methods suffer when node datasets are distributed heterogeneously, because then minimizing the node losses is not the same as minimizing the global loss. In 2021, Acar et al. introduced a solution called FedDyn, which dynamically regularizes each node loss function so that they converge to the global loss. Since the local losses are aligned, FedDyn is robust to the different heterogeneity levels and so it can safely perform full minimization in each device. In theory, FedDyn converges to the optimal (a stationary point for nonconvex losses) by being agnostic to the heterogeneity levels. These claims are verified with extensive experiments on various datasets. Besides reducing communication, it is also beneficial to reduce local computation. To do this, FedDynOneGD modifies FedDyn to calculate only one gradient per node per round, regularizes it and updates the global model with it. Hence, the computational complexity is linear in local dataset size. Moreover, gradient computation can be parallelized on each node, unlike successive SGD steps. In theory, FedDynOneGD achieves the same convergence guarantees as in FedDyn with less local computation. Personalized federated learning by pruning (Sub-FedAvg) Federated learning methods have poor global performance under non-IID settings. This motivates clients to yield personalized models in federation. To change this, Vahidian et al. recently introduced the algorithm Sub-FedAvg which does hybrid pruning (structured and unstructured pruning) with averaging on the intersection of clients' drawn subnetworks. This simultaneously addresses communication efficiency, resource constraints and personalized models accuracies. Sub-FedAvg also extends the ""lottery ticket hypothesis"" of centrally trained neural networks to federated learning, with the research question: ""Do winning tickets exist for"
Federated_learning_chunk_10,Federated learning,"hybrid pruning (structured and unstructured pruning) with averaging on the intersection of clients' drawn subnetworks. This simultaneously addresses communication efficiency, resource constraints and personalized models accuracies. Sub-FedAvg also extends the ""lottery ticket hypothesis"" of centrally trained neural networks to federated learning, with the research question: ""Do winning tickets exist for clients' neural networks being trained in federated learning? If so, how to effectively draw the personalized subnetworks for each client?"" Sub-FedAvg experimentally answers ""yes"" and proposes two algorithms to effectively draw the personalized subnetworks. Dynamic aggregation - inverse distance aggregation IDA (Inverse Distance Aggregation) is a novel adaptive weighting approach for federated learning nodes based on meta-information which handles unbalanced and non-iid data. It uses the distance of the model parameters as a strategy to minimize the effect of outliers and improve the model's convergence rate. Hybrid federated dual coordinate ascent (HyFDCA) Very few methods for hybrid federated learning, where clients only hold subsets of both features and samples, exist. Yet, this scenario is very important in practical settings. Hybrid Federated Dual Coordinate Ascent (HyFDCA) is a novel algorithm proposed in 2024 that solves convex problems in the hybrid FL setting. This algorithm extends CoCoA, a primal-dual distributed optimization algorithm introduced by Jaggi et al. (2014) and Smith et al. (2017), to the case where both samples and features are partitioned across clients. HyFDCA claims several improvement over existing algorithms: HyFDCA is a provably convergent primal-dual algorithm for hybrid FL in at least the following settings. Hybrid Federated Setting with Complete Client Participation Horizontal Federated Setting with Random Subsets of Available Clients The authors show HyFDCA enjoys a convergence rate of O(1⁄t) which matches the convergence rate of FedAvg (see below). Vertical Federated Setting with Incomplete Client Participation The authors show HyFDCA enjoys a convergence rate of O(log(t)⁄t) whereas FedBCD"
Federated_learning_chunk_11,Federated learning,"Complete Client Participation Horizontal Federated Setting with Random Subsets of Available Clients The authors show HyFDCA enjoys a convergence rate of O(1⁄t) which matches the convergence rate of FedAvg (see below). Vertical Federated Setting with Incomplete Client Participation The authors show HyFDCA enjoys a convergence rate of O(log(t)⁄t) whereas FedBCD exhibits a slower O(1⁄sqrt(t)) convergence rate and requires full client participation. HyFDCA provides the privacy steps that ensure privacy of client data in the primal-dual setting. These principles apply to future efforts in developing primal-dual algorithms for FL. HyFDCA empirically outperforms HyFEM and FedAvg in loss function value and validation accuracy across a multitude of problem settings and datasets (see below for more details). The authors also introduce a hyperparameter selection framework for FL with competing metrics using ideas from multiobjective optimization. There is only one other algorithm that focuses on hybrid FL, HyFEM proposed by Zhang et al. (2020). This algorithm uses a feature matching formulation that balances clients building accurate local models and the server learning an accurate global model. This requires a matching regularizer constant that must be tuned based on user goals and results in disparate local and global models. Furthermore, the convergence results provided for HyFEM only prove convergence of the matching formulation not of the original global problem. This work is substantially different than HyFDCA's approach which uses data on local clients to build a global model that converges to the same solution as if the model was trained centrally. Furthermore, the local and global models are synchronized and do not require the adjustment of a matching parameter between local and global models. However, HyFEM is suitable for a vast array of architectures including deep learning architectures, whereas HyFDCA is designed for convex problems like logistic regression and support vector machines. HyFDCA is empirically"
Federated_learning_chunk_12,Federated learning,"global models are synchronized and do not require the adjustment of a matching parameter between local and global models. However, HyFEM is suitable for a vast array of architectures including deep learning architectures, whereas HyFDCA is designed for convex problems like logistic regression and support vector machines. HyFDCA is empirically benchmarked against the aforementioned HyFEM as well as the popular FedAvg in solving convex problem (specifically classification problems) for several popular datasets (MNIST, Covtype, and News20). The authors found HyFDCA converges to a lower loss value and higher validation accuracy in less overall time in 33 of 36 comparisons examined and 36 of 36 comparisons examined with respect to the number of outer iterations. Lastly, HyFDCA only requires tuning of one hyperparameter, the number of inner iterations, as opposed to FedAvg (which requires tuning three) or HyFEM (which requires tuning four). In addition to FedAvg and HyFEM being quite difficult to optimize hyperparameters in turn greatly affecting convergence, HyFDCA's single hyperparameter allows for simpler practical implementations and hyperparameter selection methodologies. Current research topics Federated learning has started to emerge as an important research topic in 2015 and 2016, with the first publications on federated averaging in telecommunication settings. Before that, in a thesis work titled ""A Framework for Multi-source Prefetching Through Adaptive Weight"", an approach to aggregate predictions from multiple models trained at three location of a request response cycle with was proposed. Another important aspect of active research is the reduction of the communication burden during the federated learning process. In 2017 and 2018, publications have emphasized the development of resource allocation strategies, especially to reduce communication requirements between nodes with gossip algorithms as well as on the characterization of the robustness to differential privacy attacks. Other research activities focus on the reduction of the bandwidth during training through"
Federated_learning_chunk_13,Federated learning,"process. In 2017 and 2018, publications have emphasized the development of resource allocation strategies, especially to reduce communication requirements between nodes with gossip algorithms as well as on the characterization of the robustness to differential privacy attacks. Other research activities focus on the reduction of the bandwidth during training through sparsification and quantization methods, where the machine learning models are sparsified and/or compressed before they are shared with other nodes. Developing ultra-light DNN architectures is essential for device-/edge- learning and recent work recognises both the energy efficiency requirements for future federated learning and the need to compress deep learning, especially during learning. Recent research advancements are starting to consider real-world propagating channels as in previous implementations ideal channels were assumed. Another active direction of research is to develop Federated learning for training heterogeneous local models with varying computation complexities and producing a single powerful global inference model. A learning framework named Assisted learning was recently developed to improve each agent's learning capabilities without transmitting private data, models, and even learning objectives. Compared with Federated learning that often requires a central controller to orchestrate the learning and optimization, Assisted learning aims to provide protocols for the agents to optimize and learn among themselves without a global model. Use cases Federated learning typically applies when individual actors need to train models on larger datasets than their own, but cannot afford to share the data in itself with others (e.g., for legal, strategic or economic reasons). The technology yet requires good connections between local servers and minimum computational power for each node. Transportation: self-driving cars Self-driving cars encapsulate many machine learning technologies to function: computer vision for analyzing obstacles, machine learning for adapting their pace to the environment (e.g., bumpiness of the road). Due to the potential high number of self-driving cars and"
Federated_learning_chunk_14,Federated learning,"local servers and minimum computational power for each node. Transportation: self-driving cars Self-driving cars encapsulate many machine learning technologies to function: computer vision for analyzing obstacles, machine learning for adapting their pace to the environment (e.g., bumpiness of the road). Due to the potential high number of self-driving cars and the need for them to quickly respond to real world situations, traditional cloud approach may generate safety risks. Federated learning can represent a solution for limiting volume of data transfer and accelerating learning processes. Industry 4.0: smart manufacturing In Industry 4.0, there is a widespread adoption of machine learning techniques to improve the efficiency and effectiveness of industrial process while guaranteeing a high level of safety. Nevertheless, privacy of sensitive data for industries and manufacturing companies is of paramount importance. Federated learning algorithms can be applied to these problems as they do not disclose any sensitive data. In addition, FL also implemented for PM2.5 prediction to support Smart city sensing applications. Medicine: digital health Federated learning seeks to address the problem of data governance and privacy by training algorithms collaboratively without exchanging the data itself. Today's standard approach of centralizing data from multiple centers comes at the cost of critical concerns regarding patient privacy and data protection. To solve this problem, the ability to train machine learning models at scale across multiple medical institutions without moving the data is a critical technology. Nature Digital Medicine published the paper ""The Future of Digital Health with Federated Learning"" in September 2020, in which the authors explore how federated learning may provide a solution for the future of digital health, and highlight the challenges and considerations that need to be addressed. Recently, a collaboration of 20 different institutions around the world validated the utility of training AI models using federated learning. In a"
Federated_learning_chunk_15,Federated learning,"which the authors explore how federated learning may provide a solution for the future of digital health, and highlight the challenges and considerations that need to be addressed. Recently, a collaboration of 20 different institutions around the world validated the utility of training AI models using federated learning. In a paper published in Nature Medicine ""Federated learning for predicting clinical outcomes in patients with COVID-19"", they showcased the accuracy and generalizability of a federated AI model for the prediction of oxygen needs in patients with COVID-19 infections. Furthermore, in a published paper ""A Systematic Review of Federated Learning in the Healthcare Area: From the Perspective of Data Properties and Applications"", the authors trying to provide a set of challenges on FL challenges on medical data-centric perspective. A coalition from industry and academia has developed MedPerf, an open source platform that enables validation of medical AI models in real world data. The platform relies technically on federated evaluation of AI models aiming to alleviate concerns of patient privacy and conceptually on diverse benchmark committees to build the specifications of neutral clinically impactful benchmarks. Robotics Robotics includes a wide range of applications of machine learning methods: from perception and decision-making to control. As robotic technologies have been increasingly deployed from simple and repetitive tasks (e.g. repetitive manipulation) to complex and unpredictable tasks (e.g. autonomous navigation), the need for machine learning grows. Federated Learning provides a solution to improve over conventional machine learning training methods. In the paper, mobile robots learned navigation over diverse environments using the FL-based method, helping generalization. In the paper, Federated Learning is applied to improve multi-robot navigation under limited communication bandwidth scenarios, which is a current challenge in real-world learning-based robotic tasks. In the paper, Federated Learning is used to learn Vision-based navigation, helping better sim-to-real transfer. Biometrics"
Federated_learning_chunk_16,Federated learning,"diverse environments using the FL-based method, helping generalization. In the paper, Federated Learning is applied to improve multi-robot navigation under limited communication bandwidth scenarios, which is a current challenge in real-world learning-based robotic tasks. In the paper, Federated Learning is used to learn Vision-based navigation, helping better sim-to-real transfer. Biometrics Federated Learning (FL) is transforming biometric recognition by enabling collaborative model training across distributed data sources while preserving privacy. By eliminating the need to share sensitive biometric templates like fingerprints, facial images, and iris scans, FL addresses privacy concerns and regulatory constraints, allowing for improved model accuracy and generalizability. It mitigates challenges of data fragmentation by leveraging scattered datasets, making it particularly effective for diverse biometric applications such as facial and iris recognition. However, FL faces challenges, including model and data heterogeneity, computational overhead, and vulnerability to security threats like inference attacks. Future directions include developing personalized FL frameworks, enhancing system efficiency, and expanding FL applications to biometric presentation attack detection (PAD) and quality assessment, fostering innovation and robust solutions in privacy-sensitive environments. References External links ""Regulation (EU) 2016/679 of the European Parliament and of the Council of 27 April 2016"" at eur-lex.europa.eu. Retrieved October 18, 2019. ""Data minimisation and privacy-preserving techniques in AI systems"" Archived 2020-07-23 at the Wayback Machine at UK Information Commissioners Office. Retrieved July 22, 2020 ""Realising the Potential of Data Whilst Preserving Privacy with EyA and Conclave from R3"" at eya.global. Retrieved March 31, 2022."
Differential_privacy_chunk_0,Differential privacy,"Differential privacy (DP) is a mathematically rigorous framework for releasing statistical information about datasets while protecting the privacy of individual data subjects. It enables a data holder to share aggregate patterns of the group while limiting information that is leaked about specific individuals. This is done by injecting carefully calibrated noise into statistical computations such that the utility of the statistic is preserved while provably limiting what can be inferred about any individual in the dataset. Another way to describe differential privacy is as a constraint on the algorithms used to publish aggregate information about a statistical database which limits the disclosure of private information of records in the database. For example, differentially private algorithms are used by some government agencies to publish demographic information or other statistical aggregates while ensuring confidentiality of survey responses, and by companies to collect information about user behavior while controlling what is visible even to internal analysts. Roughly, an algorithm is differentially private if an observer seeing its output cannot tell whether a particular individual's information was used in the computation. Differential privacy is often discussed in the context of identifying individuals whose information may be in a database. Although it does not directly refer to identification and reidentification attacks, differentially private algorithms provably resist such attacks. ε-differential privacy The 2006 Cynthia Dwork, Frank McSherry, Kobbi Nissim, and Adam D. Smith article introduced the concept of ε-differential privacy, a mathematical definition for the privacy loss associated with any data release drawn from a statistical database. (Here, the term statistical database means a set of data that are collected under the pledge of confidentiality for the purpose of producing statistics that, by their production, do not compromise the privacy of those individuals who provided the data.) The definition of ε-differential privacy requires that a change"
Differential_privacy_chunk_1,Differential privacy,"database. (Here, the term statistical database means a set of data that are collected under the pledge of confidentiality for the purpose of producing statistics that, by their production, do not compromise the privacy of those individuals who provided the data.) The definition of ε-differential privacy requires that a change to one entry in a database only creates a small change in the probability distribution of the outputs of measurements, as seen by the attacker. The intuition for the definition of ε-differential privacy is that a person's privacy cannot be compromised by a statistical release if their data are not in the database. In differential privacy, each individual is given roughly the same privacy that would result from having their data removed. That is, the statistical functions run on the database should not be substantially affected by the removal, addition, or change of any individual in the data. How much any individual contributes to the result of a database query depends in part on how many people's data are involved in the query. If the database contains data from a single person, that person's data contributes 100%. If the database contains data from a hundred people, each person's data contributes just 1%. The key insight of differential privacy is that as the query is made on the data of fewer and fewer people, more noise needs to be added to the query result to produce the same amount of privacy. Hence the name of the 2006 paper, ""Calibrating noise to sensitivity in private data analysis."" Definition Let ε be a positive real number and A {\displaystyle {\mathcal {A}}} be a randomized algorithm that takes a dataset as input (representing the actions of the trusted party holding the data). Let im A {\displaystyle {\textrm {im}}\ {\mathcal {A}}} denote the image of"
Differential_privacy_chunk_2,Differential privacy,"sensitivity in private data analysis."" Definition Let ε be a positive real number and A {\displaystyle {\mathcal {A}}} be a randomized algorithm that takes a dataset as input (representing the actions of the trusted party holding the data). Let im A {\displaystyle {\textrm {im}}\ {\mathcal {A}}} denote the image of A {\displaystyle {\mathcal {A}}} . The algorithm A {\displaystyle {\mathcal {A}}} is said to provide (ε, δ)-differential privacy if, for all datasets D 1 {\displaystyle D_{1}} and D 2 {\displaystyle D_{2}} that differ on a single element (i.e., the data of one person), and all subsets S {\displaystyle S} of im A {\displaystyle {\textrm {im}}\ {\mathcal {A}}} : where the probability is taken over the randomness used by the algorithm. This definition is sometimes called ""approximate differential privacy"", with ""pure differential privacy"" being a special case when δ = 0 {\displaystyle \delta =0} . In the latter case, the algorithm is commonly said to satisfy ε-differential privacy (i.e., omitting δ = 0 {\displaystyle \delta =0} ). Differential privacy offers strong and robust guarantees that facilitate modular design and analysis of differentially private mechanisms due to its composability, robustness to post-processing, and graceful degradation in the presence of correlated data. Example According to this definition, differential privacy is a condition on the release mechanism (i.e., the trusted party releasing information about the dataset) and not on the dataset itself. Intuitively, this means that for any two datasets that are similar, a given differentially private algorithm will behave approximately the same on both datasets. The definition gives a strong guarantee that presence or absence of an individual will not affect the final output of the algorithm significantly. For example, assume we have a database of medical records D 1 {\displaystyle D_{1}} where each record is a pair (Name, X), where X {\displaystyle"
Differential_privacy_chunk_3,Differential privacy,"both datasets. The definition gives a strong guarantee that presence or absence of an individual will not affect the final output of the algorithm significantly. For example, assume we have a database of medical records D 1 {\displaystyle D_{1}} where each record is a pair (Name, X), where X {\displaystyle X} is a Boolean denoting whether a person has diabetes or not. For example: Now suppose a malicious user (often termed an adversary) wants to find whether Chandler has diabetes or not. Suppose he also knows in which row of the database Chandler resides. Now suppose the adversary is only allowed to use a particular form of query Q i {\displaystyle Q_{i}} that returns the partial sum of the first i {\displaystyle i} rows of column X {\displaystyle X} in the database. In order to find Chandler's diabetes status the adversary executes Q 5 ( D 1 ) {\displaystyle Q_{5}(D_{1})} and Q 4 ( D 1 ) {\displaystyle Q_{4}(D_{1})} , then computes their difference. In this example, Q 5 ( D 1 ) = 3 {\displaystyle Q_{5}(D_{1})=3} and Q 4 ( D 1 ) = 2 {\displaystyle Q_{4}(D_{1})=2} , so their difference is 1. This indicates that the ""Has Diabetes"" field in Chandler's row must be 1. This example highlights how individual information can be compromised even without explicitly querying for the information of a specific individual. Continuing this example, if we construct D 2 {\displaystyle D_{2}} by replacing (Chandler, 1) with (Chandler, 0) then this malicious adversary will be able to distinguish D 2 {\displaystyle D_{2}} from D 1 {\displaystyle D_{1}} by computing Q 5 − Q 4 {\displaystyle Q_{5}-Q_{4}} for each dataset. If the adversary were required to receive the values Q i {\displaystyle Q_{i}} via an ε {\displaystyle \varepsilon } -differentially private algorithm, for a sufficiently small"
Differential_privacy_chunk_4,Differential privacy,"able to distinguish D 2 {\displaystyle D_{2}} from D 1 {\displaystyle D_{1}} by computing Q 5 − Q 4 {\displaystyle Q_{5}-Q_{4}} for each dataset. If the adversary were required to receive the values Q i {\displaystyle Q_{i}} via an ε {\displaystyle \varepsilon } -differentially private algorithm, for a sufficiently small ε {\displaystyle \varepsilon } , then he or she would be unable to distinguish between the two datasets. Composability and robustness to post processing Composability refers to the fact that the joint distribution of the outputs of (possibly adaptively chosen) differentially private mechanisms satisfies differential privacy. Sequential composition. If we query an ε-differential privacy mechanism t {\displaystyle t} times, and the randomization of the mechanism is independent for each query, then the result would be ε t {\displaystyle \varepsilon t} -differentially private. In the more general case, if there are n {\displaystyle n} independent mechanisms: M 1 , … , M n {\displaystyle {\mathcal {M}}_{1},\dots ,{\mathcal {M}}_{n}} , whose privacy guarantees are ε 1 , … , ε n {\displaystyle \varepsilon _{1},\dots ,\varepsilon _{n}} differential privacy, respectively, then any function g {\displaystyle g} of them: g ( M 1 , … , M n ) {\displaystyle g({\mathcal {M}}_{1},\dots ,{\mathcal {M}}_{n})} is ( ∑ i = 1 n ε i ) {\displaystyle \left(\sum \limits _{i=1}^{n}\varepsilon _{i}\right)} -differentially private. Parallel composition. If the previous mechanisms are computed on disjoint subsets of the private database then the function g {\displaystyle g} would be ( max i ε i ) {\displaystyle (\max _{i}\varepsilon _{i})} -differentially private instead. The other important property for modular use of differential privacy is robustness to post processing. This is defined to mean that for any deterministic or randomized function F {\displaystyle F} defined over the image of the mechanism A {\displaystyle {\mathcal {A}}} , if A {\displaystyle {\mathcal {A}}}"
Differential_privacy_chunk_5,Differential privacy,"-differentially private instead. The other important property for modular use of differential privacy is robustness to post processing. This is defined to mean that for any deterministic or randomized function F {\displaystyle F} defined over the image of the mechanism A {\displaystyle {\mathcal {A}}} , if A {\displaystyle {\mathcal {A}}} satisfies ε-differential privacy, so does F ( A ) {\displaystyle F({\mathcal {A}})} . The property of composition permits modular construction and analysis of differentially private mechanisms and motivates the concept of the privacy loss budget. If all elements that access sensitive data of a complex mechanisms are separately differentially private, so will be their combination, followed by arbitrary post-processing. Group privacy In general, ε-differential privacy is designed to protect the privacy between neighboring databases which differ only in one row. This means that no adversary with arbitrary auxiliary information can know if one particular participant submitted their information. However this is also extendable. We may want to protect databases differing in c {\displaystyle c} rows, which amounts to an adversary with arbitrary auxiliary information knowing if c {\displaystyle c} particular participants submitted their information. This can be achieved because if c {\displaystyle c} items change, the probability dilation is bounded by exp ⁡ ( ε c ) {\displaystyle \exp(\varepsilon c)} instead of exp ⁡ ( ε ) {\displaystyle \exp(\varepsilon )} , i.e., for D1 and D2 differing on c {\displaystyle c} items: Pr [ A ( D 1 ) ∈ S ] ≤ exp ⁡ ( ε c ) ⋅ Pr [ A ( D 2 ) ∈ S ] {\displaystyle \Pr[{\mathcal {A}}(D_{1})\in S]\leq \exp(\varepsilon c)\cdot \Pr[{\mathcal {A}}(D_{2})\in S]\,\!} Thus setting ε instead to ε / c {\displaystyle \varepsilon /c} achieves the desired result (protection of c {\displaystyle c} items). In other words, instead of having each item ε-differentially private"
Differential_privacy_chunk_6,Differential privacy,"Pr [ A ( D 2 ) ∈ S ] {\displaystyle \Pr[{\mathcal {A}}(D_{1})\in S]\leq \exp(\varepsilon c)\cdot \Pr[{\mathcal {A}}(D_{2})\in S]\,\!} Thus setting ε instead to ε / c {\displaystyle \varepsilon /c} achieves the desired result (protection of c {\displaystyle c} items). In other words, instead of having each item ε-differentially private protected, now every group of c {\displaystyle c} items is ε-differentially private protected (and each item is ( ε / c ) {\displaystyle (\varepsilon /c)} -differentially private protected). Hypothesis testing interpretation One can think of differential privacy as bounding the error rates in a hypothesis test. Consider two hypotheses: H 0 {\displaystyle H_{0}} : The individual's data is not in the dataset. H 1 {\displaystyle H_{1}} : The individual's data is in the dataset. Then, there are two error rates: False Positive Rate (FPR): P FP = Pr [ Adversary guesses H 1 ∣ H 0 is true ] . {\displaystyle P_{\text{FP}}=\Pr[{\text{Adversary guesses }}H_{1}\mid H_{0}{\text{ is true}}].} False Negative Rate (FNR): P FN = Pr [ Adversary guesses H 0 ∣ H 1 is true ] . {\displaystyle P_{\text{FN}}=\Pr[{\text{Adversary guesses }}H_{0}\mid H_{1}{\text{ is true}}].} Ideal protection would imply that both error rates are equal, but for a fixed (ε, δ) setting, an attacker can achieve the following rates: { ( P FP , P FN ) ∣ P FP + e ε P FN ≥ 1 − δ , e ε P FP + P FN ≥ 1 − δ } {\displaystyle \{(P_{\text{FP}},P_{\text{FN}})\mid P_{\text{FP}}+e^{\varepsilon }P_{\text{FN}}\geq 1-\delta ,\ e^{\varepsilon }P_{\text{FP}}+P_{\text{FN}}\geq 1-\delta \}} ε-differentially private mechanisms Since differential privacy is a probabilistic concept, any differentially private mechanism is necessarily randomized. Some of these, like the Laplace mechanism, described below, rely on adding controlled noise to the function that we want to compute. Others, like the exponential mechanism and posterior sampling sample from"
Differential_privacy_chunk_7,Differential privacy,"\}} ε-differentially private mechanisms Since differential privacy is a probabilistic concept, any differentially private mechanism is necessarily randomized. Some of these, like the Laplace mechanism, described below, rely on adding controlled noise to the function that we want to compute. Others, like the exponential mechanism and posterior sampling sample from a problem-dependent family of distributions instead. An important definition with respect to ε-differentially private mechanisms is sensitivity. Let d {\displaystyle d} be a positive integer, D {\displaystyle {\mathcal {D}}} be a collection of datasets, and f : D → R d {\displaystyle f\colon {\mathcal {D}}\rightarrow \mathbb {R} ^{d}} be a function. One definition of the sensitivity of a function, denoted Δ f {\displaystyle \Delta f} , can be defined by: Δ f = max ‖ f ( D 1 ) − f ( D 2 ) ‖ 1 , {\displaystyle \Delta f=\max \lVert f(D_{1})-f(D_{2})\rVert _{1},} where the maximum is over all pairs of datasets D 1 {\displaystyle D_{1}} and D 2 {\displaystyle D_{2}} in D {\displaystyle {\mathcal {D}}} differing in at most one element and ‖ ⋅ ‖ 1 {\displaystyle \lVert \cdot \rVert _{1}} denotes the L1 norm. In the example of the medical database below, if we consider f {\displaystyle f} to be the function Q i {\displaystyle Q_{i}} , then the sensitivity of the function is one, since changing any one of the entries in the database causes the output of the function to change by either zero or one. This can be generalized to other metric spaces (measures of distance), and must be to make certain differentially private algorithms work, including adding noise from the Gaussian distribution (which requires the L2 norm) instead of the Laplace distribution. There are techniques (which are described below) using which we can create a differentially private algorithm for functions, with parameters"
Differential_privacy_chunk_8,Differential privacy,"(measures of distance), and must be to make certain differentially private algorithms work, including adding noise from the Gaussian distribution (which requires the L2 norm) instead of the Laplace distribution. There are techniques (which are described below) using which we can create a differentially private algorithm for functions, with parameters that vary depending on their sensitivity. Laplace mechanism The Laplace mechanism adds Laplace noise (i.e. noise from the Laplace distribution, which can be expressed by probability density function noise ( y ) ∝ exp ⁡ ( − | y | / λ ) {\displaystyle {\text{noise}}(y)\propto \exp(-|y|/\lambda )\,\!} , which has mean zero and standard deviation 2 λ {\displaystyle {\sqrt {2}}\lambda \,\!} ). Now in our case we define the output function of A {\displaystyle {\mathcal {A}}\,\!} as a real valued function (called as the transcript output by A {\displaystyle {\mathcal {A}}\,\!} ) as T A ( x ) = f ( x ) + Y {\displaystyle {\mathcal {T}}_{\mathcal {A}}(x)=f(x)+Y\,\!} where Y ∼ Lap ( λ ) {\displaystyle Y\sim {\text{Lap}}(\lambda )\,\!\,\!} and f {\displaystyle f\,\!} is the original real valued query/function we planned to execute on the database. Now clearly T A ( x ) {\displaystyle {\mathcal {T}}_{\mathcal {A}}(x)\,\!} can be considered to be a continuous random variable, where p d f ( T A , D 1 ( x ) = t ) p d f ( T A , D 2 ( x ) = t ) = noise ( t − f ( D 1 ) ) noise ( t − f ( D 2 ) ) {\displaystyle {\frac {\mathrm {pdf} ({\mathcal {T}}_{{\mathcal {A}},D_{1}}(x)=t)}{\mathrm {pdf} ({\mathcal {T}}_{{\mathcal {A}},D_{2}}(x)=t)}}={\frac {{\text{noise}}(t-f(D_{1}))}{{\text{noise}}(t-f(D_{2}))}}\,\!} which is at most e | f ( D 1 ) − f ( D 2 ) | λ ≤ e Δ ( f ) λ {\displaystyle e^{\frac {|f(D_{1})-f(D_{2})|}{\lambda"
Differential_privacy_chunk_9,Differential privacy,"( t − f ( D 2 ) ) {\displaystyle {\frac {\mathrm {pdf} ({\mathcal {T}}_{{\mathcal {A}},D_{1}}(x)=t)}{\mathrm {pdf} ({\mathcal {T}}_{{\mathcal {A}},D_{2}}(x)=t)}}={\frac {{\text{noise}}(t-f(D_{1}))}{{\text{noise}}(t-f(D_{2}))}}\,\!} which is at most e | f ( D 1 ) − f ( D 2 ) | λ ≤ e Δ ( f ) λ {\displaystyle e^{\frac {|f(D_{1})-f(D_{2})|}{\lambda }}\leq e^{\frac {\Delta (f)}{\lambda }}\,\!} . We can consider Δ ( f ) λ {\displaystyle {\frac {\Delta (f)}{\lambda }}\,\!} to be the privacy factor ε {\displaystyle \varepsilon \,\!} . Thus T {\displaystyle {\mathcal {T}}\,\!} follows a differentially private mechanism (as can be seen from the definition above). If we try to use this concept in our diabetes example then it follows from the above derived fact that in order to have A {\displaystyle {\mathcal {A}}\,\!} as the ε {\displaystyle \varepsilon \,\!} -differential private algorithm we need to have λ = 1 / ε {\displaystyle \lambda =1/\varepsilon \,\!} . Though we have used Laplace noise here, other forms of noise, such as the Gaussian Noise, can be employed, but they may require a slight relaxation of the definition of differential privacy. Randomized response A simple example, especially developed in the social sciences, is to ask a person to answer the question ""Do you own the attribute A?"", according to the following procedure: Toss a coin. If heads, then toss the coin again (ignoring the outcome), and answer the question honestly. If tails, then toss the coin again and answer ""Yes"" if heads, ""No"" if tails. (The seemingly redundant extra toss in the first case is needed in situations where just the act of tossing a coin may be observed by others, even if the actual result stays hidden.) The confidentiality then arises from the refutability of the individual responses. But, overall, these data with many responses are significant, since positive responses"
Differential_privacy_chunk_10,Differential privacy,"the first case is needed in situations where just the act of tossing a coin may be observed by others, even if the actual result stays hidden.) The confidentiality then arises from the refutability of the individual responses. But, overall, these data with many responses are significant, since positive responses are given to a quarter by people who do not have the attribute A and three-quarters by people who actually possess it. Thus, if p is the true proportion of people with A, then we expect to obtain (1/4)(1-p) + (3/4)p = (1/4) + p/2 positive responses. Hence it is possible to estimate p. In particular, if the attribute A is synonymous with illegal behavior, then answering ""Yes"" is not incriminating, insofar as the person has a probability of a ""Yes"" response, whatever it may be. Although this example, inspired by randomized response, might be applicable to microdata (i.e., releasing datasets with each individual response), by definition differential privacy excludes microdata releases and is only applicable to queries (i.e., aggregating individual responses into one result) as this would violate the requirements, more specifically the plausible deniability that a subject participated or not. Stable transformations A transformation T {\displaystyle T} is c {\displaystyle c} -stable if the Hamming distance between T ( A ) {\displaystyle T(A)} and T ( B ) {\displaystyle T(B)} is at most c {\displaystyle c} -times the Hamming distance between A {\displaystyle A} and B {\displaystyle B} for any two databases A , B {\displaystyle A,B} . If there is a mechanism M {\displaystyle M} that is ε {\displaystyle \varepsilon } -differentially private, then the composite mechanism M ∘ T {\displaystyle M\circ T} is ( ε × c ) {\displaystyle (\varepsilon \times c)} -differentially private. This could be generalized to group privacy, as the group size could"
Differential_privacy_chunk_11,Differential privacy,"If there is a mechanism M {\displaystyle M} that is ε {\displaystyle \varepsilon } -differentially private, then the composite mechanism M ∘ T {\displaystyle M\circ T} is ( ε × c ) {\displaystyle (\varepsilon \times c)} -differentially private. This could be generalized to group privacy, as the group size could be thought of as the Hamming distance h {\displaystyle h} between A {\displaystyle A} and B {\displaystyle B} (where A {\displaystyle A} contains the group and B {\displaystyle B} does not). In this case M ∘ T {\displaystyle M\circ T} is ( ε × c × h ) {\displaystyle (\varepsilon \times c\times h)} -differentially private. Research Early research leading to differential privacy In 1977, Tore Dalenius formalized the mathematics of cell suppression. Tore Dalenius was a Swedish statistician who contributed to statistical privacy through his 1977 paper that revealed a key point about statistical databases, which was that databases should not reveal information about an individual that is not otherwise accessible. He also defined a typology for statistical disclosures. In 1979, Dorothy Denning, Peter J. Denning and Mayer D. Schwartz formalized the concept of a Tracker, an adversary that could learn the confidential contents of a statistical database by creating a series of targeted queries and remembering the results. This and future research showed that privacy properties in a database could only be preserved by considering each new query in light of (possibly all) previous queries. This line of work is sometimes called query privacy, with the final result being that tracking the impact of a query on the privacy of individuals in the database was NP-hard. 21st century In 2003, Kobbi Nissim and Irit Dinur demonstrated that it is impossible to publish arbitrary queries on a private statistical database without revealing some amount of private information, and that the"
Differential_privacy_chunk_12,Differential privacy,"that tracking the impact of a query on the privacy of individuals in the database was NP-hard. 21st century In 2003, Kobbi Nissim and Irit Dinur demonstrated that it is impossible to publish arbitrary queries on a private statistical database without revealing some amount of private information, and that the entire information content of the database can be revealed by publishing the results of a surprisingly small number of random queries—far fewer than was implied by previous work. The general phenomenon is known as the Fundamental Law of Information Recovery, and its key insight, namely that in the most general case, privacy cannot be protected without injecting some amount of noise, led to development of differential privacy. In 2006, Cynthia Dwork, Frank McSherry, Kobbi Nissim and Adam D. Smith published an article formalizing the amount of noise that needed to be added and proposing a generalized mechanism for doing so. This paper also created the first formal definition of differential privacy. Their work was a co-recipient of the 2016 TCC Test-of-Time Award and the 2017 Gödel Prize. Since then, subsequent research has shown that there are many ways to produce very accurate statistics from the database while still ensuring high levels of privacy. Adoption in real-world applications To date there are over 12 real-world deployments of differential privacy, the most noteworthy being: 2008: U.S. Census Bureau, for showing commuting patterns. 2014: Google's RAPPOR, for telemetry such as learning statistics about unwanted software hijacking users' settings. 2015: Google, for sharing historical traffic statistics. 2016: Apple iOS 10, for use in Intelligent personal assistant technology. 2017: Microsoft, for telemetry in Windows. 2020: Social Science One and Facebook, a 55 trillion cell dataset for researchers to learn about elections and democracy. 2021: The US Census Bureau uses differential privacy to release redistricting data"
Differential_privacy_chunk_13,Differential privacy,"traffic statistics. 2016: Apple iOS 10, for use in Intelligent personal assistant technology. 2017: Microsoft, for telemetry in Windows. 2020: Social Science One and Facebook, a 55 trillion cell dataset for researchers to learn about elections and democracy. 2021: The US Census Bureau uses differential privacy to release redistricting data from the 2020 Census. Public purpose considerations There are several public purpose considerations regarding differential privacy that are important to consider, especially for policymakers and policy-focused audiences interested in the social opportunities and risks of the technology: Data utility and accuracy. The main concern with differential privacy is the trade-off between data utility and individual privacy. If the privacy loss parameter is set to favor utility, the privacy benefits are lowered (less “noise” is injected into the system); if the privacy loss parameter is set to favor heavy privacy, the accuracy and utility of the dataset are lowered (more “noise” is injected into the system). It is important for policymakers to consider the trade-offs posed by differential privacy in order to help set appropriate best practices and standards around the use of this privacy preserving practice, especially considering the diversity in organizational use cases. It is worth noting, though, that decreased accuracy and utility is a common issue among all statistical disclosure limitation methods and is not unique to differential privacy. What is unique, however, is how policymakers, researchers, and implementers can consider mitigating against the risks presented through this trade-off. Data privacy and security. Differential privacy provides a quantified measure of privacy loss and an upper bound and allows curators to choose the explicit trade-off between privacy and accuracy. It is robust to still unknown privacy attacks. However, it encourages greater data sharing, which if done poorly, increases privacy risk. Differential privacy implies that privacy is protected, but this"
Differential_privacy_chunk_14,Differential privacy,"measure of privacy loss and an upper bound and allows curators to choose the explicit trade-off between privacy and accuracy. It is robust to still unknown privacy attacks. However, it encourages greater data sharing, which if done poorly, increases privacy risk. Differential privacy implies that privacy is protected, but this depends very much on the privacy loss parameter chosen and may instead lead to a false sense of security. Finally, though it is robust against unforeseen future privacy attacks, a countermeasure may be devised that we cannot predict. Attacks in practice Because differential privacy techniques are implemented on real computers, they are vulnerable to various attacks not possible to compensate for solely in the mathematics of the techniques themselves. In addition to standard defects of software artifacts that can be identified using testing or fuzzing, implementations of differentially private mechanisms may suffer from the following vulnerabilities: Subtle algorithmic or analytical mistakes. Timing side-channel attacks. In contrast with timing attacks against implementations of cryptographic algorithms that typically have low leakage rate and must be followed with non-trivial cryptanalysis, a timing channel may lead to a catastrophic compromise of a differentially private system, since a targeted attack can be used to exfiltrate the very bit that the system is designed to hide. Leakage through floating-point arithmetic. Differentially private algorithms are typically presented in the language of probability distributions, which most naturally lead to implementations using floating-point arithmetic. The abstraction of floating-point arithmetic is leaky, and without careful attention to details, a naive implementation may fail to provide differential privacy. (This is particularly the case for ε-differential privacy, which does not allow any probability of failure, even in the worst case.) For example, the support of a textbook sampler of the Laplace distribution (required, for instance, for the Laplace mechanism) is less than"
Differential_privacy_chunk_15,Differential privacy,"implementation may fail to provide differential privacy. (This is particularly the case for ε-differential privacy, which does not allow any probability of failure, even in the worst case.) For example, the support of a textbook sampler of the Laplace distribution (required, for instance, for the Laplace mechanism) is less than 80% of all double-precision floating point numbers; moreover, the support for distributions with different means are not identical. A single sample from a naïve implementation of the Laplace mechanism allows distinguishing between two adjacent datasets with probability more than 35%. Timing channel through floating-point arithmetic. Unlike operations over integers that are typically constant-time on modern CPUs, floating-point arithmetic exhibits significant input-dependent timing variability. Handling of subnormals can be particularly slow, as much as by ×100 compared to the typical case. See also Implementations of differentially private analyses – deployments of differential privacy Quasi-identifier Exponential mechanism (differential privacy) – a technique for designing differentially private algorithms k-anonymity Differentially private analysis of graphs Protected health information Local differential privacy Privacy Differential privacy composition theorems References Further reading Publications Calibrating noise to sensitivity in private data analysis, Cynthia Dwork, Frank McSherry, Kobbi Nissim, and Adam Smith. 2006. In Proceedings of the Third conference on Theory of Cryptography (TCC'06). Springer-Verlag, Berlin, Heidelberg, 265–284. Calibrating Noise to Sensitivity in Private Data Analysis (This is the original publication of Differential Privacy, and not the eponymous article by Dwork that was published the same year.) Differential Privacy: A Survey of Results by Cynthia Dwork, Microsoft Research, April 2008 (Presents what was discovered during the first two years of research on differential privacy.) Differential Privacy: A Primer for a Non-Technical Audience, Alexandra Wood, Micah Altman, Aaron Bembenek, Mark Bun, Marco Gaboardi, et al, Vanderbilt Journal of Entertainment & Technology LawVanderbilt Journal of Entertainment, Volume 21, Issue 1, Fall"
Differential_privacy_chunk_16,Differential privacy,"2008 (Presents what was discovered during the first two years of research on differential privacy.) Differential Privacy: A Primer for a Non-Technical Audience, Alexandra Wood, Micah Altman, Aaron Bembenek, Mark Bun, Marco Gaboardi, et al, Vanderbilt Journal of Entertainment & Technology LawVanderbilt Journal of Entertainment, Volume 21, Issue 1, Fall 2018. (A good introductory document, but definitely *not* for non-technical audiences!) Technology Factsheet: Differential Privacy by Raina Gandhi and Amritha Jayanti, Belfer Center for Science and International Affairs, Fall 2020 Differential Privacy and the 2020 US Census, MIT Case Studies in Social and Ethical Responsibilities of Computing, no. Winter 2022 (January). Differential Privacy and the 2020 US Census. Garfinkel, Simson (2025). Differential Privacy. MIT Press Essential Knowledge. MIT Press. doi:10.7551/mitpress/15354.001.0001. ISBN 9780262551656. Bowen, Claire McKay and Simson Garfinkel, The Philosophy of Differential Privacy, AMS Notices, November 2021. Tutorials A Practical Beginner's Guide To Differential Privacy by Christine Task, Purdue University, April 2012"
